{"id":"22997","title":"As belezas de Jeri te esperam! 2 di\u00e1rias para 2 adultos + caf\u00e9 da manh\u00e3 de R$340 por apenas R$289 na Pousada Vai D\u00e1 Certo","description":"Check in \u00e0s 14h \/ Check out \u00e0s 12h.\r\n\r\n<b>Validade do cupom:<\/b> 31\/05\/2019, todos os dias, (exceto feriados e datas comemorativas).\r\n\r\n<b>Agendamento:<\/b> ap\u00f3s a compra, agende imediatamente atrav\u00e9s  do e-mail: vaidacertojeri@hotmail.com e telefone (85) 9.9650-0473 (whatsapp). Sujeito a disponibilidade.  \r\n\r\nDesmarcar com 7 dias de anteced\u00eancia, caso contr\u00e1rio, o cupom ser\u00e1 dado como utilizado. Ser\u00e1 permitido apenas uma remarca\u00e7\u00e3o, de acordo com a disponibilidade do hotel.\r\n\r\nPoder\u00e1 ser aplicada uma taxa de servi\u00e7o para essa oferta. Clique em Comprar para consultar o valor. Depois, basta confirmar o pagamento.","price":"289","market_price":"340","category":"Hot\u00e9is","images":[{"url":"https:\/\/static.baratocoletivo.com.br\/2019\/0404\/10019487\/g_pousada-vai-da-certo89c2e24de2.jpg"},{"url":"https:\/\/static.baratocoletivo.com.br\/2019\/0404\/10019487\/g_pousada-vai-da-certo7318aefdca.jpg"},{"url":"https:\/\/static.baratocoletivo.com.br\/2019\/0404\/10019487\/g_pousada-vai-da-certo7d36a48db3.jpg"},{"url":"https:\/\/static.baratocoletivo.com.br\/2019\/0404\/10019487\/g_pousada-vai-da-certo9de830c6f0.jpg"},{"url":"https:\/\/static.baratocoletivo.com.br\/2019\/0404\/10019487\/g_pousada-vai-da-certo66781d69c9.jpg"},{"url":"https:\/\/static.baratocoletivo.com.br\/2019\/0404\/10019487\/g_pousada-vai-da-certo4b05c9075a.jpg"},{"url":"https:\/\/static.baratocoletivo.com.br\/2019\/0404\/10019487\/g_pousada-vai-da-certoe16cfc42c5.jpg"},{"url":"https:\/\/static.baratocoletivo.com.br\/2019\/0404\/10019487\/g_pousada-vai-da-certo93f84902ea.jpg"},{"url":"https:\/\/static.baratocoletivo.com.br\/2019\/0404\/10019487\/g_pousada-vai-da-certo80d70184e2.jpg"},{"url":"https:\/\/static.baratocoletivo.com.br\/2019\/0404\/10019487\/g_pousada-vai-da-certob]"}]}