{"id":"22999","title":"Avalia\u00e7\u00e3o Corporal + 25 Procedimentos em 5 visitas (5 Corrente Russa + 5 Massagem Modeladora + 5 Massagem Turbinada + 5 Vacuoterapia + 5 Manta T\u00e9rmica com Infravermelho em 1 regi\u00e3o opcional (abd\u00f4men completo OU coxas e gl\u00fateos) de R$300 por apenas R$99,90","description":"A oferta inclui: Avalia\u00e7\u00e3o Corporal + 25 Procedimentos em 5 visitas (5 Corrente Russa + 5 Massagem Modeladora + 5 Massagem Turbinada + 5 Vacuoterapia + 5 Manta T\u00e9rmica) a partir de R$99,90 no La Femin\u00edssima. <b>Escolha a op\u00e7\u00e3o de sua prefer\u00eancia no ato da compra.<\/b>\r\n\r\n<b>Validade do cupom:<\/b> 27\/06\/2019, de ter\u00e7a a sexta das 9h \u00e0s 11h e das 16h \u00e0s 19h e s\u00e1bado das 9h \u00e0s 11h (exceto feriados e datas comemorativas).<\/b>\r\n\r\n<b>Agendamento:<\/b> ap\u00f3s a compra, agende imediatamente atrav\u00e9s  dos telefones: (85) 98841-3389 ou (85) 99617-6102. Sujeito a disponibilidade. \r\n\r\nReagendar, se necess\u00e1rio, com no m\u00ednimo 24h de anteced\u00eancia, caso contr\u00e1rio o cupom ser\u00e1 dado como utilizado.\r\n\r\nV\u00e1lido apenas para mulheres.\r\n\r\nS\u00e3o 60 minutos de tratamentos (por dia).\r\n\r\nNecess\u00e1rio levar biqu\u00edni e toalha.\r\n\r\nAtendimento exclusivo para mulheres.\r\n\r\nContraindicado para gestantes, pacientes com CA, com ferimentos ou que possuam quaisquer implantes met\u00e1licos.\r\n","price":"99.9","market_price":"300","category":"Sa\u00fade","images":[{"url":"https:\/\/static.baratocoletivo.com.br\/2019\/0405\/10019490\/g_la-feminissima-8d735bd9ce.jpg"},{"url":"https:\/\/static.baratocoletivo.com.br\/2019\/0405\/10019490\/g_la-feminissima-c41ed66a0c.jpg"}]}