{"id":"22998","title":"Perfeito! Limpeza de pele com Peeling Diamantado, Extra\u00e7\u00e3o e M\u00e1scara de ouro (produtos ADCOS) de R$150 por apenas R$39,90","description":"<b>Validade do cupom:<\/b> 27\/06\/2019, de ter\u00e7a a sexta das 9h \u00e0s 11h e das 16h \u00e0s 19h e s\u00e1bado das 9h \u00e0s 11h (exceto feriados e datas comemorativas).\r\n\r\n<b>Agendamento:<\/b> ap\u00f3s a compra, agende imediatamente atrav\u00e9s do telefones: (85) 98841.3389 ou (85) 99617.610. Sujeito a disponibilidade. \r\n\r\nReagendar, se necess\u00e1rio, com no m\u00ednimo 24h de anteced\u00eancia, caso contr\u00e1rio o cupom ser\u00e1 dado como utilizado.\r\n\r\nV\u00e1lido apenas para mulheres.\r\n\r\nS\u00e3o 60 minutos de tratamentos (por dia).","price":"39.9","market_price":"150","category":"Sa\u00fade","images":[{"url":"https:\/\/static.baratocoletivo.com.br\/2019\/0404\/10019488\/g_la-feminissima-cc0df4cf02.jpg"},{"url":"https:\/\/static.baratocoletivo.com.br\/2019\/0404\/10019488\/g_la-feminissima-13a45f0660.jpg"}]}