{"id":"23001","title":"2 di\u00e1rias (sexta \u00e0 domingo) em Su\u00edte Superior para 2 adultos + caf\u00e9 da manh\u00e3 de R$880 por apenas R$699","description":"A oferta inclui: Di\u00e1rias (sexta \u00e0 domingo) com 5 op\u00e7\u00f5es de Su\u00edtes para 2 adultos + caf\u00e9 da manh\u00e3 na Pousada DePraiaBrasil a partir de R$699. <b> Escolha a op\u00e7\u00e3o de sua prefer\u00eancia no ato da compra.<\/b>\r\n\r\n<b>Check In: 14h e Check out 11h.<\/b>\r\n\r\n<b>Validade do cupom:<\/b> 30\/06\/2019, de acordo com a op\u00e7\u00e3o escolhida (exceto feriados e datas comemorativas).\r\n\r\n<b>Agendamento:<\/b> ap\u00f3s a compra, agende imediatamente atrav\u00e9s do telefone: (88) 3636-3028 \/ (88) 9.8148-4283 (whatsapp) e atrav\u00e9s do e\u00ad-mail: reservations@depraiabrasil.com. Sujeito a disponibilidade. \r\n\r\nDesmarcar com no m\u00ednimo 7 dias de anteced\u00eancia, caso contr\u00e1rio o cupom ser\u00e1 dado como utilizado. Ser\u00e1 permitido apenas 1 reagendamento.\r\n\r\nNo per\u00edodo de 22\/04 a 22\/05 a pousada estar\u00e1 fechada para reforma.\r\n\r\nMesmo que o h\u00f3spede permane\u00e7a no Hotel por tempo inferior ao estipulado no cupom, a compra ser\u00e1 dada como utilizada.\r\n\r\nCrian\u00e7a de at\u00e9 8 anos ter\u00e1 direito a cortesia.\r\n\r\nN\u00e3o aceita animais de estima\u00e7\u00e3o.\r\n\r\n N\u00e3o \u00e9 permitido a entrada de bebidas no restaurante e na \u00e1rea comum do hotel e ser\u00e1 cobrado uma taxa rolha para vinhos e bebidas quentes.","price":"699","market_price":"880","category":"Hot\u00e9is","images":[{"url":"https:\/\/static.baratocoletivo.com.br\/2019\/0405\/10019501\/g_pousada-depraiabrasild766e95b4c.jpg"},{"url":"https:\/\/static.baratocoletivo.com.br\/2019\/0405\/10019501\/g_pousada-depraiabrasil12545c624d.jpg"},{"url":"https:\/\/static.baratocoletivo.com.br\/2019\/0405\/10019501\/g_pousada-depraiabrasile2a32365af.jpg"},{"url":"https:\/\/static.baratocoletivo.com.br\/2019\/0405\/10019501\/g_pousada-depraiabrasil9c57d082d9.jpg"},{"url":"https:\/\/static.baratocoletivo.com.br\/2019\/0405\/10019501\/g_pousada-depraiabrasilf42175be9a.jpg"},{"url":"https:\/\/static.baratocoletivo.com.br\/2019\/0405\/10019501\/g_pousada-depraiabrasil20a50d8263.jpg"},{"url":"https:\/\/static.baratocoletivo.com.br\/2019\/0405\/10019501\/g_pousada-depraiabrasila5b7836c3b.jpg"},{"url":"https:\/\/static.baratocoletivo.com.br\/2019\/0405\/10019501\/g_pousada-depraiabrasil889b29c56f.jpg"},{"url":"https:\/\/static.baratocoletivo.com.br\/2019\/0405\/10019501\/g_pousada-depraiabrasil213a38536c.jpg"},{"url":"https:\/\/static.baratocoletivo.com.br\/2019\/0405\/10019501\/g_pousada-depr"}]}