{"id":"23034","title":"Perfeito para sua festa! Kit com 10 necessaires personalizadas de R$20,99 por apenas R$13,99 na MG Brindes","description":"Necessaires personalizadas tamanho 20cm (comprimento) x 10cm (largura) x 6cm (altura).\r\n\r\nApenas uma arte a cada 10 necessaire, para mais artes ser\u00e1 cobrada uma taxa extra.\r\n\r\nA cria\u00e7\u00e3o da arte n\u00e3o \u00e9 cobrada.\r\n\r\n<b>Validade do cupom:<\/b> 20\/07\/2019, de segunda a sexta das 12h \u00e0s 18h (exceto feriados e datas comemorativas).<\/b>\r\n\r\n<b>Agendamento:<\/b> necess\u00e1rio agendar com no minimo 2 semanas de anteced\u00eancia atrav\u00e9s dos telefones: (85) 99970-0057 \/ 99639-4456 (whatsapp). Sujeito a disponibilidade. \r\n\r\nDesmarcar com 10 dias de anteced\u00eancia, caso contr\u00e1rio, o cupom ser\u00e1 dado como utilizado.\r\n\r\n<b>Obs:<\/b> a personaliza\u00e7\u00e3o do item escolhido ser\u00e1 combinada diretamente com a MG Brindes. Para isso, \u00e9 necess\u00e1rio enviar a foto para personaliza\u00e7\u00e3o no email:hansley.mgbrindes@gmail.com ou pelo whatsapp.\r\n\r\nV\u00e1lido para retirada no local ou entrega com o pre\u00e7o a combinar.\r\n\r\n","price":"13.99","market_price":"20.99","category":"Servi\u00e7os","images":[{"url":"https:\/\/static.baratocoletivo.com.br\/2019\/0405\/10019520\/g_mg-brindes-personalizados7ee9e0c53b.jpg"},{"url":"https:\/\/static.baratocoletivo.com.br\/2019\/0405\/10019520\/g_mg-brindes-personalizados757e2a81fe.jpg"},{"url":"https:\/\/static.baratocoletivo.com.br\/2019\/0405\/10019520\/g_mg-brindes-personalizadosc10bf80785.jpg"}]}