{"id":"23083","title":"Pacote com 2 di\u00e1rias em Su\u00edte Standard Jardim para 2 adultos e 1 crian\u00e7a de at\u00e9 5 anos + caf\u00e9 da manh\u00e3 e almo\u00e7o por apenas R$850","description":"A oferta inclui: Di\u00e1rias para 2 adultos e 1 crian\u00e7a + caf\u00e9 + almo\u00e7o no Hotel Santu\u00e1rio das \u00c1guias a partir de R$850. <b>Escolha a op\u00e7\u00e3o d prefer\u00eancia no ato de sua compra.<\/b>\r\n\r\nObs: <b> No pacote est\u00e1 incluso almo\u00e7o de frutos do mar para a sexta,19\/04. Somente esse dia.<\/b>\r\n\r\n<b>Validade do cupom:<\/b> 21\/04\/2019, exclusivamente para o feriado semana santa.\r\n\r\nObs: Aceitamos pet mediante disponibilidade consulte os valores diretamente com o Santu\u00e1rio das \u00c1guias\r\n\r\n<b>Agendamento:<\/b> ap\u00f3s a compra, agende imediatamente dos telefones (85) 3535-3510 \/ Whatsapp: (85) 9 9165.9803 ou e-mail reservas@hotelsantuariodasaguias.com.br. Sujeito a disponibilidade.<\/b>","price":"850","market_price":"850","category":"Hot\u00e9is","images":[{"url":"https:\/\/static.baratocoletivo.com.br\/2019\/0408\/10019551\/g_hotel-santuario-das-guiasbb35073ed9.jpg"},{"url":"https:\/\/static.baratocoletivo.com.br\/2019\/0408\/10019551\/g_hotel-santuario-das-guias23531a3cb1.jpg"},{"url":"https:\/\/static.baratocoletivo.com.br\/2019\/0408\/10019551\/g_hotel-santuario-das-guias979d805f7f.jpg"},{"url":"https:\/\/static.baratocoletivo.com.br\/2019\/0408\/10019551\/g_hotel-santuario-das-guiasa7bc0281c4.jpg"},{"url":"https:\/\/static.baratocoletivo.com.br\/2019\/0408\/10019551\/g_hotel-santuario-das-guiasdadfb222ab.jpg"},{"url":"https:\/\/static.baratocoletivo.com.br\/2019\/0408\/10019551\/g_hotel-santuario-das-guiasbb6ca74d21.jpg"}]}