{"id":"23121","title":"Nhoque \u00e0 Bolonhesa para 2 pessoas + 2 Pulseiras Piscina de R$120 por apenas R$59,90","description":"A oferta inclui: Nhoque \u00e0 Bolonhesa, Spaghetti com Atum, Moqueca de Arraia ou Filet de Peixe a Belle Muniere para 2 pessoas + 2 Pulseira Piscina no La Su\u00edte Praia Hotel por apenas R$59,90. <b> Escolha a op\u00e7\u00e3o de sua prefer\u00eancia no ato da compra.<\/b>\r\n\r\n<b>Validade do cupom:<\/b> 30 dias ap\u00f3s a aprova\u00e7\u00e3o do pagamento, de segunda a s\u00e1bado das 9h:30 \u00e0s 20h:30 (exceto feriados e datas comemorativas).<\/b>\r\n\r\n<b>Agendamento:<\/b> ap\u00f3s a compra, agende imediatamente atrav\u00e9s do telefone: (85) 99202-2626 (whatsapp) ou lasuite.pachecopraia@outlook.com e trazer o cupom IMPRESSO na data agendada. Sujeito a disponibilidade.\r\n\r\n<b>Pulseira extra:<\/b>: R$15,00 - crian\u00e7a\/ R$20,00 - adulto.\r\n\r\nA taxa de servi\u00e7o (10%) \u00e9 opcional e n\u00e3o est\u00e1 inclusa.","price":"59.9","market_price":"120","category":"Gastronomia","images":[{"url":"https:\/\/static.baratocoletivo.com.br\/2019\/0405\/10019492\/g_la-suite-praia-hotel-14468e8404.jpg"},{"url":"https:\/\/static.baratocoletivo.com.br\/2019\/0405\/10019492\/g_la-suite-praia-hotel-f2d6169d91.jpg"},{"url":"https:\/\/static.baratocoletivo.com.br\/2019\/0405\/10019492\/g_la-suite-praia-hotel-9f6cb982e8.jpg"},{"url":"https:\/\/static.baratocoletivo.com.br\/2019\/0405\/10019492\/g_la-suite-praia-hotel-e6e744a025.jpg"},{"url":"https:\/\/static.baratocoletivo.com.br\/2019\/0405\/10019492\/g_la-suite-praia-hotel-7375ba0aba.jpg"},{"url":"https:\/\/static.baratocoletivo.com.br\/2019\/0405\/10019492\/g_la-suite-praia-hotel-4a07286387.jpg"},{"url":"https:\/\/static.baratocoletivo.com.br\/2019\/0405\/10019492\/g_la-suite-praia-hotel-d0c833666c.jpg"},{"url":"https:\/\/static.baratocoletivo.com.br\/2019\/0408\/10019492\/g_la-suite-praia-hotel-299a6137a6.jpg"},{"url":"https:\/\/static.baratocoletivo.com.br\/2019\/0408\/10019492\/g_la-suite-praia-hotel-ba35f52922.jpg"},{"url":"https:\/\/static.baratocoletivo.com.br\/2019\/0408\/10019492\/g_la-suite-pra"}]}