{"id":"23164","title":"Voc\u00ea em Porto de Galinhas no anivers\u00e1rio Holliday Viagens! Pacote para 2 pessoas com Transporte + Hospedagem com caf\u00e9 por R$459,90. Entrada de R$209,90 + 1x de R$250","description":"A oferta inclui: Pacote para 2 pessoas com transporte FORTALEZA\/ PORTO DE GALINHAS\/FORTALEZA + Hospedagem com caf\u00e9 da manh\u00e3 + Servi\u00e7o de bordo + Passeios opcionais na Praia de Carneiros ou Maragogi-AL na Holliday Viagens e Turismo de R$1.349 por apenas R$459,90.\r\n\r\n<b>Validade do cupom:<\/b> 20\/12\/2019, exceto feriados e datas comemorativas. Consultar disponibilidade de datas antes de efetuar a compra.<\/b>\r\n\r\nO \u00f4nibus sai da Pra\u00e7a da Igreja de F\u00e1tima na 13 de Maio na sexta-feira \u00e0s 18:00 e retorna no domingo \u00e0s 13:00 (hor\u00e1rio de sa\u00edda de Porto de Galinhas).\r\n\r\n<b>Hospedagem na Pousada Esperan\u00e7a ou similar de mesma categoria de acordo com disponibilidade. Check-in 14h e Check-out 12h.<\/b>\r\n\r\n<b>A reserva deve ser realizada imediatamente ap\u00f3s a confirma\u00e7\u00e3o de pagamento, atrav\u00e9s do e-mail hollidayviagensetur@gmail.com. Dever\u00e1 contar no assunto \"Reserva Porto de Galinhas\" e no contendo informar o c\u00f3digo do cupom da oferta, nome completo dos viajantes, CPF, RG, data de nascimento, e-mail e telefone para contato e data ao qual deseja viajar. Sujeito a disponibilidade.<\/b>\r\n\r\n<b>Forma de pagamento:<\/b> p\/ 2 pessoas: entrada de R$209,90 no site Barato Coletivo (cart\u00e3o de cr\u00e9dito ou dep\u00f3sito banc\u00e1rio) + 1x R$250. A parcela de R$250, dever\u00e1 ser paga a agencia em at\u00e9 10 dias antes da data da viagem agendada, atrav\u00e9s de deposito banc\u00e1rio em conta informada no processo de reserva.\r\n \r\nCaso queira viajar sozinho, a forma de pagamento ser\u00e1: entrada de R$209,90 no site Barato Coletivo + 1x R$175. A parcela de R$175 dever\u00e1 ser paga a agencia em at\u00e9 10 dias antes da data da viagem agendada, atrav\u00e9s de deposito banc\u00e1rio em conta informada no processo de reserva.\r\n\r\nGratuidade para uma crian\u00e7a de at\u00e9 4 anos transportada no colo.\r\n \r\nRemarca\u00e7\u00f5es, cancelamentos e altera\u00e7\u00f5es s\u00e3o aceitos com at\u00e9 15 dias antes da data da viagem. O cliente estar\u00e1 sujeito a cobran\u00e7a de multas de 20% em cima do valor total do pacote.\r\n\r\nO passeio para Praia de Carneiros e Maragogi-AL assim como demais passeios na cidade s\u00e3o opcionais e o valor n\u00e3o est\u00e1 incluso no pacote da viagem. Passeio para Maragogi-AL \u00e9 sujeito a disponibilidade de acordo com a mar\u00e9.\r\n\r\nInforma\u00e7\u00f5es: (85) 3229-2085 \/ (85) 98838-2173 (Whatsapp)\r\n \r\nA oferta n\u00e3o inclui gastos extras (alimenta\u00e7\u00f5es, despesas do frigobar e ingressos para entrar em pontos tur\u00edsticos e realizar passeios na cidade).\r\n \r\nAs ofertas e promo\u00e7\u00f5es s\u00e3o v\u00e1lidas enquanto houver lugares dispon\u00edveis ou at\u00e9 atingirem o limite m\u00e1ximo de cupons da oferta. N\u00e3o nos responsabilizamos pelo fato da oferta j\u00e1 ter expirado ou esgotado no momento em que o usu\u00e1rio acessar nosso website.\r\n\r\n<b>Caso a compra seja realizada e n\u00e3o haja mais disponibilidade para o pacote da viagem, o valor ser\u00e1 estornado pelo Barato Coletivo.<\/b>\r\n\r\n","price":"209.9","market_price":"459.9","category":"Hot\u00e9is","images":[{"url":"https:\/\/static.baratocoletivo.com.br\/2019\/0409\/10019374\/g_-holliday-viagens-e-turismo7792b918cb.jpg"},{"url":"https:\/\/static.baratocoletivo.com.br\/2019\/0409\/10019374\/g_-holliday-viagens-e-turismo3dca1746db.jpg"},{"url":"https:\/\/static.baratocoletivo.com.br\/2019\/0409\/10019374\/g_-holliday-viagens-e-turismo43326b8358.jpg"}]}