{"id":"23171","title":"Aproveite com a sua fam\u00edlia o FERIADO DA SEMANA SANTA no iPark! Ingresso de entrada (Museu da Cacha\u00e7a, Slackline, mini-fazenda) + programa\u00e7\u00e3o especial de p\u00e1scoa, incluso o ESPET\u00c1CULO \u201cA PAIX\u00c3O DE CRISTO\u201d + Passeio de Pedalinho de R$39 por apenas R$19,50","description":"A oferta inclui: 1 ingresso de entrada no iPark + Programa\u00e7\u00e3o especial de p\u00e1scoa + 1 passeio de pedalinho no lago, e ainda visita guiada ao Museu da Cacha\u00e7a e ao maior tonel de cacha\u00e7a registrado no Guinness Book em 2003 + visita a casa de engenho para conhecer o processo de produ\u00e7\u00e3o do alfenim e rapadura + passeio de jardineira + banho de piscina de pedra (\u00e1gua natural) + slackline + mini-fazenda + red\u00e1rio + 1 dose de cacha\u00e7a para os maiores de 18 de R$39 por apenas R$19,50.\r\n\r\n<b>Programa\u00e7\u00e3o especial de p\u00e1scoa:<\/b>\r\n\r\n9h \u00e0s 16:30 - Pintura Facial.\r\n\r\n9h \u00e0s 16:30 - Oficina de orelhas de coelho.\r\n\r\n11:30 - Conta\u00e7\u00e3o de hist\u00f3ria com o Tio Lel\u00e9.\r\n\r\n14h - Ca\u00e7a aos ovos de p\u00e1scoa.\r\n\r\n15h \u2013 Espet\u00e1culo \u201cA Paix\u00e3o de Cristo\u201d.\r\n\r\n<b>O espet\u00e1culo \u201cA Paix\u00e3o de Cristo\u201d ser\u00e1 exibido no dia 21 de abril.<\/b>\r\n\r\n<b>Validade do cupom:<\/b> exclusivamente para os dias 19, 20 e 21\/04\/2019, das 9h \u00e0s 17h.\r\n\r\n<b>Agendamento:<\/b> n\u00e3o \u00e9 necess\u00e1rio reservar, mas deve-se considerar a capacidade do local. Sujeito a disponibilidade.\r\n\r\n<b>Obrigat\u00f3ria apresenta\u00e7\u00e3o do cupom IMPRESSO ou DIGITAL e documento de identidade do titular na bilheteria de entrada do iPark para recebimento da pulseira da promo\u00e7\u00e3o Barato Coletivo. A n\u00e3o apresenta\u00e7\u00e3o do cupom na entrada do parque implicar\u00e1 na cobran\u00e7a regular do ingresso.<\/b>\r\n\r\n<b>Restri\u00e7\u00f5es:<\/b> a atividade do Pedalinho para crian\u00e7a menor de 1,30m somente com respons\u00e1vel (pagante) e a partir de 15kg.\r\n\r\n\u00c9 recomend\u00e1vel o uso de roupas esportivas.\r\n\r\n\u00c9 imprescind\u00edvel seguir todas as regras de seguran\u00e7a do parque.\r\n\r\nRestaurante e tapiocaria no local. Almo\u00e7o self-service no restaurante servido de 12h \u00e0s 15h.","price":"19.5","market_price":"39","category":"Entretenimento","images":[{"url":"https:\/\/static.baratocoletivo.com.br\/2019\/0410\/10019574\/g_ipark89ed973e9f.jpg"},{"url":"https:\/\/static.baratocoletivo.com.br\/2019\/0410\/10019574\/g_ipark2e64e87102.jpg"},{"url":"https:\/\/static.baratocoletivo.com.br\/2019\/0410\/10019574\/g_iparke18ce2ffbd.jpg"},{"url":"https:\/\/static.baratocoletivo.com.br\/2019\/0410\/10019574\/g_iparkb6fd278636.jpg"},{"url":"https:\/\/static.baratocoletivo.com.br\/2019\/0410\/10019574\/g_iparkf6cfc9c3f0.jpg"}]}