{"id":"23179","title":"1 sess\u00e3o de Massagem Relaxante de R$75 por apenas R$31,99","description":"A oferta inclui: Sess\u00f5es de Massagem Relaxante na Cl\u00ednica Magnifiqu\u00e9 - Est\u00e9tica e Bem Estar a partir de R$31,99. <b>Escolha  op\u00e7\u00e3o de prefer\u00eancia no ato da compra.<\/b>\r\n\r\n<b>Validade do cupom:<\/b> 28\/06\/2019, de segunda a sexta das 13h \u00e0s 19h (exceto feriados e datas comemorativas).<\/b>\r\n\r\n<b>Agendamento:<\/b> ap\u00f3s a compra, agende imediatamente atrav\u00e9s dos telefones: (85) 99675.3832 \/ 2181-1843. Sujeito a disponibilidade. \r\n\r\nSer\u00e1 aceita somente 1 remarca\u00e7\u00e3o, com no m\u00ednimo 24h de anteced\u00eancia, sujeito a disponibilidade.\r\n\r\nV\u00e1lido apenas para atendimento feito em consult\u00f3rio.\r\n\r\n\r\n","price":"31.99","market_price":"75","category":"Sa\u00fade","images":[{"url":"https:\/\/static.baratocoletivo.com.br\/2019\/0410\/10019577\/g_clinica-magnifique-estetica-e-bem-estar460a856dcf.jpg"},{"url":"https:\/\/static.baratocoletivo.com.br\/2019\/0410\/10019577\/g_clinica-magnifique-estetica-e-bem-estar91c0b4dc19.jpg"},{"url":"https:\/\/static.baratocoletivo.com.br\/2019\/0410\/10019577\/g_clinica-magnifique-estetica-e-bem-estarde7b467ed9.jpg"},{"url":"https:\/\/static.baratocoletivo.com.br\/2019\/0410\/10019577\/g_clinica-magnifique-estetica-e-bem-estar591942199f.jpg"},{"url":"https:\/\/static.baratocoletivo.com.br\/2019\/0410\/10019577\/g_clinica-magnifique-estetica-e-bem-estar6ebbccb78b.jpg"},{"url":"https:\/\/static.baratocoletivo.com.br\/2019\/0410\/10019577\/g_clinica-magnifique-estetica-e-bem-estardb340bc47f.jpg"},{"url":"https:\/\/static.baratocoletivo.com.br\/2019\/0410\/10019577\/g_clinica-magnifique-estetica-e-bem-estarc76bfc3f01.jpg"}]}