{"id":"23186","title":"Voc\u00ea no Para\u00edso Canoa Quebrada! 2 di\u00e1rias para 2 adultos + caf\u00e9 da manh\u00e3 de R$600 por apenas R$499 na Hotel e Pousada Tatajuba","description":"Check in \u00e0s 14h \/ Check out \u00e0s 12h.\r\n\r\n<b>Validade do cupom:<\/b> 30\/06\/2019, check in de domingo \u00e0 quarta (exceto feriados e datas comemorativas).\r\n\r\n<b>Agendamento:<\/b> ap\u00f3s a compra, agende imediatamente atrav\u00e9s do e-mail: reservastatajuba@gmail.com e telefone (88) 3421-7401. Sujeito a disponibilidade. \r\n\r\nDesmarcar com 7 dias de anteced\u00eancia, caso contr\u00e1rio, o cupom ser\u00e1 dado como utilizado. \r\n\r\nSer\u00e1 permitido apenas uma remarca\u00e7\u00e3o, de acordo com a disponibilidade do hotel.\r\n\r\n\r\n\r\n","price":"499","market_price":"600","category":"Hot\u00e9is","images":[{"url":"https:\/\/static.baratocoletivo.com.br\/2019\/0402\/10019408\/g_hotel-e-pousada-tatajuba9992ddb878.jpg"},{"url":"https:\/\/static.baratocoletivo.com.br\/2019\/0402\/10019408\/g_hotel-e-pousada-tatajuba4a09942b19.jpg"},{"url":"https:\/\/static.baratocoletivo.com.br\/2019\/0402\/10019408\/g_hotel-e-pousada-tatajuba65aedcffc2.jpg"},{"url":"https:\/\/static.baratocoletivo.com.br\/2019\/0402\/10019408\/g_hotel-e-pousada-tatajuba257480bebc.jpg"},{"url":"https:\/\/static.baratocoletivo.com.br\/2019\/0402\/10019408\/g_hotel-e-pousada-tatajuba870fe27af9.jpg"},{"url":"https:\/\/static.baratocoletivo.com.br\/2019\/0402\/10019408\/g_hotel-e-pousada-tatajubaf9c4f5b7ba.jpg"},{"url":"https:\/\/static.baratocoletivo.com.br\/2019\/0402\/10019408\/g_hotel-e-pousada-tatajubab00177f689.jpg"},{"url":"https:\/\/static.baratocoletivo.com.br\/2019\/0402\/10019408\/g_hotel-e-pousada-tatajubab38b46f660.jpg"},{"url":"https:\/\/static.baratocoletivo.com.br\/2019\/0402\/10019408\/g_hotel-e-pousada-tatajuba8dd449df57.jpg"},{"url":"https:\/\/static.baratocoletivo.com.br\/2019\/0"}]}